lib,Category
abc,Bayesian
arm,Bayesian
AtelieR,Bayesian
BaBooN,Bayesian
BACCO,Bayesian
BaM,Bayesian
BayesDA,Bayesian
bayesm,Bayesian
bayesmix,Bayesian
bayesQR,Bayesian
bayesSurv,Bayesian
Bayesthresh,Bayesian
BayesValidate,Bayesian
BayesX,Bayesian
BayHaz,Bayesian
bbemkr,Bayesian
BCBCSF,Bayesian
BCE,Bayesian
bclust,Bayesian
bcp,Bayesian
bfp,Bayesian
bisoreg,Bayesian
BLR,Bayesian
Bmix,Bayesian
bnlearn,Bayesian
boa,Bayesian
Bolstad,Bayesian
bqtl,Bayesian
bspec,Bayesian
bspmma,Bayesian
BVS,Bayesian
catnet,Bayesian
coda,Bayesian
cslogistic,Bayesian
dclone,Bayesian
deal,Bayesian
dlm,Bayesian
DPpackage,Bayesian
EbayesThresh,Bayesian
ebdbNet,Bayesian
ensembleBMA,Bayesian
evdbayes,Bayesian
exactLoglinTest,Bayesian
factorQR,Bayesian
geoR,Bayesian
geoRglm,Bayesian
ggmcmc,Bayesian
glmmBUGS,Bayesian
growcurves,Bayesian
hbsae,Bayesian
HI,Bayesian
Hmisc,Bayesian
iterLap,Bayesian
LearnBayes,Bayesian
lme4,Bayesian
lmm,Bayesian
MasterBayes,Bayesian
mcmc,Bayesian
MCMCglmm,Bayesian
MCMCpack,Bayesian
mgcv,Bayesian
mlogitBMA,Bayesian
MNP,Bayesian
mombf,Bayesian
monomvn,Bayesian
pacbpred,Bayesian
PAWL,Bayesian
PottsUtils,Bayesian
predmixcor,Bayesian
profdpm,Bayesian
pscl,Bayesian
R2jags,Bayesian
R2WinBUGS,Bayesian
ramps,Bayesian
rbugs,Bayesian
RJaCGH,Bayesian
rjags,Bayesian
RSGHB,Bayesian
runjags,Bayesian
Runuran,Bayesian
RxCEcolInf,Bayesian
SampleSizeMeans,Bayesian
SampleSizeProportions,Bayesian
sbgcop,Bayesian
SimpleTable,Bayesian
sna,Bayesian
spBayes,Bayesian
spikeSlabGAM,Bayesian
spTimer,Bayesian
stochvol,Bayesian
tgp,Bayesian
zic,Bayesian
BMA,Bayesian
BMS,Bayesian
BSquare,Bayesian
FME,Bayesian
BAYSTAR,Bayesian
spikeslab,Bayesian
AdMit,Bayesian
bayesGARCH,Bayesian
eigenmodel,Bayesian
PReMiuM,Bayesian
rcppbugs,Bayesian
rstiefel,Bayesian
MSBVAR,Bayesian
BayesTree,Bayesian
coalescentMCMC,Bayesian
SamplerCompare,Bayesian
eco,Bayesian
ALS,ChemPhys
AnalyzeFMRI,ChemPhys
AquaEnv,ChemPhys
astro,ChemPhys
astroFns,ChemPhys
Bchron,ChemPhys
bvls,ChemPhys
cda,ChemPhys
CellularAutomaton,ChemPhys
chemCal,ChemPhys
chemometrics,ChemPhys
ChemometricsWithR,ChemPhys
ChemometricsWithRData,ChemPhys
ChemoSpec,ChemPhys
CHNOSZ,ChemPhys
dielectric,ChemPhys
diffractometry,ChemPhys
drc,ChemPhys
drm,ChemPhys
elasticnet,ChemPhys
fastICA,ChemPhys
FITSio,ChemPhys
fmri,ChemPhys
fpca,ChemPhys
FTICRMS,ChemPhys
homals,ChemPhys
Iso,ChemPhys
kohonen,ChemPhys
leaps,ChemPhys
MALDIquant,ChemPhys
minpack.lm,ChemPhys
moonsun,ChemPhys
nlme,ChemPhys
nnls,ChemPhys
OrgMassSpecR,ChemPhys
pcaPP,ChemPhys
Peaks,ChemPhys
PET,ChemPhys
planar,ChemPhys
plspm,ChemPhys
ppls,ChemPhys
psy,ChemPhys
PTAk,ChemPhys
quantchem,ChemPhys
represent,ChemPhys
rpubchem,ChemPhys
sapa,ChemPhys
simecol,ChemPhys
solaR,ChemPhys
som,ChemPhys
spls,ChemPhys
stellaR,ChemPhys
stepPlr,ChemPhys
subselect,ChemPhys
TIMP,ChemPhys
titan,ChemPhys
varSelRF,ChemPhys
WilcoxCV,ChemPhys
BioMark,ChemPhys
celestial,ChemPhys
lspls,ChemPhys
pls,ChemPhys
prospectr,ChemPhys
SCEPtER,ChemPhys
clustvarsel,ChemPhys
investr,ChemPhys
resemble,ChemPhys
hyperSpec,ChemPhys
nlreg,ChemPhys
rcdk,ChemPhys
rcdklibs,ChemPhys
astrodatR,ChemPhys
astrolibR,ChemPhys
CRAC,ChemPhys
RobPer,ChemPhys
snapshot,ChemPhys
speaq,ChemPhys
compositions,ChemPhys
adaptTest,ClinicalTrials
asd,ClinicalTrials
asypow,ClinicalTrials
bcrm,ClinicalTrials
bifactorial,ClinicalTrials
blockrand,ClinicalTrials
clinfun,ClinicalTrials
clinsig,ClinicalTrials
coin,ClinicalTrials
conf.design,ClinicalTrials
CRM,ClinicalTrials
CRTSize,ClinicalTrials
dfcrm,ClinicalTrials
DoseFinding,ClinicalTrials
epibasix,ClinicalTrials
experiment,ClinicalTrials
FrF2,ClinicalTrials
GroupSeq,ClinicalTrials
gsDesign,ClinicalTrials
HH,ClinicalTrials
Hmisc,ClinicalTrials
ldbounds,ClinicalTrials
longpower,ClinicalTrials
MChtest,ClinicalTrials
MCPMod,ClinicalTrials
meta,ClinicalTrials
metafor,ClinicalTrials
metaLik,ClinicalTrials
multcomp,ClinicalTrials
nppbib,ClinicalTrials
PIPS,ClinicalTrials
PowerTOST,ClinicalTrials
pwr,ClinicalTrials
PwrGSD,ClinicalTrials
qtlDesign,ClinicalTrials
rmeta,ClinicalTrials
seqmon,ClinicalTrials
speff2trial,ClinicalTrials
ssanv,ClinicalTrials
survival,ClinicalTrials
TEQR,ClinicalTrials
TrialSize,ClinicalTrials
AGSDest,ClinicalTrials
binomSamSize,ClinicalTrials
metasens,ClinicalTrials
samplesize,ClinicalTrials
amap,Cluster
apcluster,Cluster
bayesm,Cluster
bayesmix,Cluster
bclust,Cluster
bgmm,Cluster
biclust,Cluster
Bmix,Cluster
cba,Cluster
cclust,Cluster
CHsharp,Cluster
clue,Cluster
cluster,Cluster
clusterGeneration,Cluster
clusterRepro,Cluster
clusterSim,Cluster
clv,Cluster
clValid,Cluster
CoClust,Cluster
compHclust,Cluster
depmix,Cluster
depmixS4,Cluster
dpmixsim,Cluster
dynamicTreeCut,Cluster
e1071,Cluster
EMCluster,Cluster
FactoClass,Cluster
fastcluster,Cluster
FisherEM,Cluster
flashClust,Cluster
flexclust,Cluster
flexmix,Cluster
fpc,Cluster
FunCluster,Cluster
gamlss.mx,Cluster
GLDEX,Cluster
GSM,Cluster
HDclassif,Cluster
hybridHclust,Cluster
isopam,Cluster
kernlab,Cluster
kml,Cluster
kml3d,Cluster
latentnet,Cluster
mcclust,Cluster
mclust,Cluster
MetabolAnalyze,Cluster
mixdist,Cluster
mixPHM,Cluster
mixRasch,Cluster
mixreg,Cluster
MixSim,Cluster
mixsmsn,Cluster
mixtools,Cluster
MOCCA,Cluster
movMF,Cluster
ORIClust,Cluster
pdfCluster,Cluster
pendensity,Cluster
pmclust,Cluster
poLCA,Cluster
prabclus,Cluster
profdpm,Cluster
psychomix,Cluster
pvclust,Cluster
randomLCA,Cluster
rjags,Cluster
Rmixmod,Cluster
RPMM,Cluster
sigclust,Cluster
skmeans,Cluster
som,Cluster
sparcl,Cluster
teigen,Cluster
trimcluster,Cluster
wle,Cluster
bayesMCClust,Cluster
mixture,Cluster
mritc,Cluster
nor1mix,Cluster
mixAK,Cluster
clustvarsel,Cluster
mixer,Cluster
optpart,Cluster
AdMit,Cluster
seriation,Cluster
PReMiuM,Cluster
dendextend,Cluster
funFEM,Cluster
funHDDC,Cluster
fclust,Cluster
lcmm,Cluster
pgmm,Cluster
tclust,Cluster
flexCWM,Cluster
protoclust,Cluster
BayesLCA,Cluster
longclust,Cluster
NbClust,Cluster
bvpSolve,DifferentialEquations
CollocInfer,DifferentialEquations
deSolve,DifferentialEquations
ecolMod,DifferentialEquations
FME,DifferentialEquations
GillespieSSA,DifferentialEquations
mkin,DifferentialEquations
nlmeODE,DifferentialEquations
PBSddesolve,DifferentialEquations
PBSmodelling,DifferentialEquations
pomp,DifferentialEquations
pracma,DifferentialEquations
primer,DifferentialEquations
ReacTran,DifferentialEquations
rootSolve,DifferentialEquations
scaRabee,DifferentialEquations
sde,DifferentialEquations
simecol,DifferentialEquations
adaptivetau,DifferentialEquations
deTestSet,DifferentialEquations
PSM,DifferentialEquations
actuar,Distributions
ActuDistns,Distributions
agricolae,Distributions
AtelieR,Distributions
bayesm,Distributions
benchden,Distributions
BiasedUrn,Distributions
CDVine,Distributions
CompLognormal,Distributions
compoisson,Distributions
CompQuadForm,Distributions
copBasic,Distributions
copula,Distributions
Davies,Distributions
Delaporte,Distributions
denstrip,Distributions
distr,Distributions
distrDoc,Distributions
distrEllipse,Distributions
distrEx,Distributions
distrMod,Distributions
distrSim,Distributions
distrTeach,Distributions
distrTEst,Distributions
e1071,Distributions
emdbook,Distributions
evd,Distributions
evdbayes,Distributions
evir,Distributions
FAdist,Distributions
fBasics,Distributions
fExtremes,Distributions
fgac,Distributions
fitdistrplus,Distributions
flexsurv,Distributions
gamlss.dist,Distributions
gamlss.mx,Distributions
gaussDiff,Distributions
GeneralizedHyperbolic,Distributions
geoR,Distributions
ghyp,Distributions
gld,Distributions
GLDEX,Distributions
glogis,Distributions
GSM,Distributions
gumbel,Distributions
HI,Distributions
HyperbolicDist,Distributions
hyperdirichlet,Distributions
LambertW,Distributions
LearnBayes,Distributions
lhs,Distributions
lmom,Distributions
lmomco,Distributions
Lmoments,Distributions
loglognorm,Distributions
MASS,Distributions
mbbefd,Distributions
mc2d,Distributions
MCMCpack,Distributions
mgpd,Distributions
mixtools,Distributions
mnormt,Distributions
modeest,Distributions
moments,Distributions
movMF,Distributions
msm,Distributions
mvtnorm,Distributions
nor1mix,Distributions
NormalGamma,Distributions
normalp,Distributions
npde,Distributions
PearsonDS,Distributions
PhaseType,Distributions
poibin,Distributions
poilog,Distributions
poistweedie,Distributions
prob,Distributions
randaes,Distributions
random,Distributions
randtoolbox,Distributions
reliaR,Distributions
retimes,Distributions
rlecuyer,Distributions
RMTstat,Distributions
rstream,Distributions
Runuran,Distributions
s20x,Distributions
setRNG,Distributions
SkewHyperbolic,Distributions
skewt,Distributions
smoothmest,Distributions
sn,Distributions
sparseMVN,Distributions
spd,Distributions
stabledist,Distributions
SuppDists,Distributions
tmvtnorm,Distributions
trapezoid,Distributions
triangle,Distributions
truncnorm,Distributions
TSA,Distributions
tweedie,Distributions
VarianceGamma,Distributions
VGAM,Distributions
VineCopula,Distributions
zipfR,Distributions
AdMit,Distributions
STAR,Distributions
statmod,Distributions
FatTailsR,Distributions
RTDE,Distributions
fCopulae,Distributions
ald,Distributions
cmvnorm,Distributions
condMVNorm,Distributions
DiscreteInverseWeibull,Distributions
DistributionUtils,Distributions
GMD,Distributions
hermite,Distributions
mvrtn,Distributions
Newdistns,Distributions
ParetoPosStable,Distributions
SMR,Distributions
GB2,Distributions
tolerance,Distributions
emg,Distributions
csn,Distributions
degreenet,Distributions
ExtDist,Distributions
GenOrd,Distributions
HistogramTools,Distributions
poweRlaw,Distributions
AER,Econometrics
aod,Econometrics
apt,Econometrics
bayesm,Econometrics
betareg,Econometrics
boot,Econometrics
bootstrap,Econometrics
CADFtest,Econometrics
car,Econometrics
CDNmoney,Econometrics
censReg,Econometrics
dynlm,Econometrics
Ecdat,Econometrics
effects,Econometrics
erer,Econometrics
expsmooth,Econometrics
FinTS,Econometrics
fma,Econometrics
forecast,Econometrics
frontier,Econometrics
fxregime,Econometrics
gam,Econometrics
gamlss,Econometrics
gmm,Econometrics
Hmisc,Econometrics
ineq,Econometrics
intReg,Econometrics
LARF,Econometrics
lfe,Econometrics
lme4,Econometrics
lmtest,Econometrics
MASS,Econometrics
Matrix,Econometrics
Mcomp,Econometrics
meboot,Econometrics
mgcv,Econometrics
mhurdle,Econometrics
micEcon,Econometrics
micEconAids,Econometrics
micEconCES,Econometrics
micEconSNQP,Econometrics
mlogit,Econometrics
MNP,Econometrics
mvProbit,Econometrics
nlme,Econometrics
nnet,Econometrics
np,Econometrics
ordinal,Econometrics
pcse,Econometrics
plm,Econometrics
pscl,Econometrics
pwt,Econometrics
quantreg,Econometrics
reldist,Econometrics
rms,Econometrics
RSGHB,Econometrics
sampleSelection,Econometrics
sandwich,Econometrics
segmented,Econometrics
sem,Econometrics
simpleboot,Econometrics
SparseM,Econometrics
spatialprobit,Econometrics
spdep,Econometrics
sphet,Econometrics
splm,Econometrics
strucchange,Econometrics
survival,Econometrics
systemfit,Econometrics
truncreg,Econometrics
tseries,Econometrics
tsfa,Econometrics
urca,Econometrics
vars,Econometrics
VGAM,Econometrics
Zelig,Econometrics
zoo,Econometrics
crch,Econometrics
geepack,Econometrics
pwt8,Econometrics
mfx,Econometrics
mnlogit,Econometrics
SemiParSampleSel,Econometrics
tsDyn,Econometrics
phtt,Econometrics
nonnest2,Econometrics
MSBVAR,Econometrics
BMA,Econometrics
BMS,Econometrics
brglm,Econometrics
frm,Econometrics
glmx,Econometrics
ivbma,Econometrics
ivfixed,Econometrics
ivlewbel,Econometrics
ivpack,Econometrics
ivprobit,Econometrics
lavaan,Econometrics
multiwayvcov,Econometrics
panelAR,Econometrics
Paneldata,Econometrics
PANICr,Econometrics
pdR,Econometrics
pglm,Econometrics
psidR,Econometrics
Rchoice,Econometrics
xts,Econometrics
sfa,Econometrics
gets,Econometrics
midasr,Econometrics
ade4,Environmetrics
adehabitat,Environmetrics
amap,Environmetrics
analogue,Environmetrics
aod,Environmetrics
ape,Environmetrics
aqp,Environmetrics
BiodiversityR,Environmetrics
boussinesq,Environmetrics
CircStats,Environmetrics
circular,Environmetrics
cluster,Environmetrics
cocorresp,Environmetrics
diveMove,Environmetrics
dse,Environmetrics
DSpat,Environmetrics
dyn,Environmetrics
dynlm,Environmetrics
e1071,Environmetrics
earth,Environmetrics
ecodist,Environmetrics
EcoHydRology,Environmetrics
equivalence,Environmetrics
evd,Environmetrics
evdbayes,Environmetrics
evir,Environmetrics
extRemes,Environmetrics
fast,Environmetrics
flexmix,Environmetrics
forecast,Environmetrics
fso,Environmetrics
gam,Environmetrics
gamair,Environmetrics
hydroGOF,Environmetrics
HydroMe,Environmetrics
hydroPSO,Environmetrics
hydroTSM,Environmetrics
Interpol.T,Environmetrics
ipred,Environmetrics
ismev,Environmetrics
its,Environmetrics
labdsv,Environmetrics
latticeDensity,Environmetrics
lme4,Environmetrics
maptree,Environmetrics
MASS,Environmetrics
mclust,Environmetrics
mda,Environmetrics
mefa,Environmetrics
metacom,Environmetrics
mgcv,Environmetrics
nlme,Environmetrics
nsRFA,Environmetrics
oce,Environmetrics
openair,Environmetrics
ouch,Environmetrics
party,Environmetrics
pastecs,Environmetrics
pgirmess,Environmetrics
popbio,Environmetrics
prabclus,Environmetrics
primer,Environmetrics
pscl,Environmetrics
pvclust,Environmetrics
qualV,Environmetrics
quantreg,Environmetrics
randomForest,Environmetrics
Rcapture,Environmetrics
rioja,Environmetrics
RMAWGEN,Environmetrics
rpart,Environmetrics
seacarb,Environmetrics
seas,Environmetrics
secr,Environmetrics
segmented,Environmetrics
sensitivity,Environmetrics
simba,Environmetrics
simecol,Environmetrics
soiltexture,Environmetrics
SPACECAP,Environmetrics
SpatialExtremes,Environmetrics
StreamMetabolism,Environmetrics
strucchange,Environmetrics
tiger,Environmetrics
topmodel,Environmetrics
tseries,Environmetrics
unmarked,Environmetrics
untb,Environmetrics
vegan,Environmetrics
vegetarian,Environmetrics
VGAM,Environmetrics
wasim,Environmetrics
wq,Environmetrics
zoo,Environmetrics
ade4,Environmetrics
adehabitat,Environmetrics
amap,Environmetrics
analogue,Environmetrics
aod,Environmetrics
ape,Environmetrics
aqp,Environmetrics
BiodiversityR,Environmetrics
boussinesq,Environmetrics
CircStats,Environmetrics
circular,Environmetrics
cluster,Environmetrics
cocorresp,Environmetrics
diveMove,Environmetrics
dse,Environmetrics
DSpat,Environmetrics
dyn,Environmetrics
dynlm,Environmetrics
e1071,Environmetrics
earth,Environmetrics
ecodist,Environmetrics
EcoHydRology,Environmetrics
equivalence,Environmetrics
evd,Environmetrics
evdbayes,Environmetrics
evir,Environmetrics
extRemes,Environmetrics
fast,Environmetrics
flexmix,Environmetrics
forecast,Environmetrics
fso,Environmetrics
gam,Environmetrics
gamair,Environmetrics
hydroGOF,Environmetrics
HydroMe,Environmetrics
hydroPSO,Environmetrics
hydroTSM,Environmetrics
Interpol.T,Environmetrics
ipred,Environmetrics
ismev,Environmetrics
its,Environmetrics
labdsv,Environmetrics
latticeDensity,Environmetrics
lme4,Environmetrics
maptree,Environmetrics
MASS,Environmetrics
mclust,Environmetrics
mda,Environmetrics
mefa,Environmetrics
metacom,Environmetrics
mgcv,Environmetrics
nlme,Environmetrics
nsRFA,Environmetrics
oce,Environmetrics
openair,Environmetrics
ouch,Environmetrics
party,Environmetrics
pastecs,Environmetrics
pgirmess,Environmetrics
popbio,Environmetrics
prabclus,Environmetrics
primer,Environmetrics
pscl,Environmetrics
pvclust,Environmetrics
qualV,Environmetrics
quantreg,Environmetrics
randomForest,Environmetrics
Rcapture,Environmetrics
rioja,Environmetrics
RMAWGEN,Environmetrics
rpart,Environmetrics
seacarb,Environmetrics
seas,Environmetrics
secr,Environmetrics
segmented,Environmetrics
sensitivity,Environmetrics
simba,Environmetrics
simecol,Environmetrics
soiltexture,Environmetrics
SPACECAP,Environmetrics
SpatialExtremes,Environmetrics
StreamMetabolism,Environmetrics
strucchange,Environmetrics
tiger,Environmetrics
topmodel,Environmetrics
tseries,Environmetrics
unmarked,Environmetrics
untb,Environmetrics
vegan,Environmetrics
vegetarian,Environmetrics
VGAM,Environmetrics
wasim,Environmetrics
wq,Environmetrics
zoo,Environmetrics
FD,Environmetrics
quantregGrowth,Environmetrics
rtop,Environmetrics
Distance,Environmetrics
dsm,Environmetrics
EnvStats,Environmetrics
marked,Environmetrics
mrds,Environmetrics
RMark,Environmetrics
bReeze,Environmetrics
dynatopmodel,Environmetrics
siplab,Environmetrics
eco,Environmetrics
mra,Environmetrics
agricolae,ExperimentalDesign
AlgDesign,ExperimentalDesign
asd,ExperimentalDesign
BatchExperiments,ExperimentalDesign
BHH2,ExperimentalDesign
BsMD,ExperimentalDesign
conf.design,ExperimentalDesign
crossdes,ExperimentalDesign
dae,ExperimentalDesign
desirability,ExperimentalDesign
DiceDesign,ExperimentalDesign
DiceEval,ExperimentalDesign
DiceKriging,ExperimentalDesign
DiceView,ExperimentalDesign
DoE.base,ExperimentalDesign
DoE.wrapper,ExperimentalDesign
DoseFinding,ExperimentalDesign
dynaTree,ExperimentalDesign
experiment,ExperimentalDesign
FrF2,ExperimentalDesign
FrF2.catlg128,ExperimentalDesign
GAD,ExperimentalDesign
granova,ExperimentalDesign
gsbDesign,ExperimentalDesign
gsDesign,ExperimentalDesign
lhs,ExperimentalDesign
mixexp,ExperimentalDesign
mkssd,ExperimentalDesign
osDesign,ExperimentalDesign
planor,ExperimentalDesign
plgp,ExperimentalDesign
qtlDesign,ExperimentalDesign
qualityTools,ExperimentalDesign
RcmdrPlugin.DoE,ExperimentalDesign
rsm,ExperimentalDesign
SensoMineR,ExperimentalDesign
support.CEs,ExperimentalDesign
TEQR,ExperimentalDesign
tgp,ExperimentalDesign
Vdgraph,ExperimentalDesign
agricolae,ExperimentalDesign
AlgDesign,ExperimentalDesign
asd,ExperimentalDesign
BatchExperiments,ExperimentalDesign
BHH2,ExperimentalDesign
BsMD,ExperimentalDesign
conf.design,ExperimentalDesign
crossdes,ExperimentalDesign
dae,ExperimentalDesign
desirability,ExperimentalDesign
DiceDesign,ExperimentalDesign
DiceEval,ExperimentalDesign
DiceKriging,ExperimentalDesign
DiceView,ExperimentalDesign
DoE.base,ExperimentalDesign
DoE.wrapper,ExperimentalDesign
DoseFinding,ExperimentalDesign
dynaTree,ExperimentalDesign
experiment,ExperimentalDesign
FrF2,ExperimentalDesign
FrF2.catlg128,ExperimentalDesign
GAD,ExperimentalDesign
granova,ExperimentalDesign
gsbDesign,ExperimentalDesign
gsDesign,ExperimentalDesign
lhs,ExperimentalDesign
mixexp,ExperimentalDesign
mkssd,ExperimentalDesign
osDesign,ExperimentalDesign
planor,ExperimentalDesign
plgp,ExperimentalDesign
qtlDesign,ExperimentalDesign
qualityTools,ExperimentalDesign
RcmdrPlugin.DoE,ExperimentalDesign
rsm,ExperimentalDesign
SensoMineR,ExperimentalDesign
support.CEs,ExperimentalDesign
TEQR,ExperimentalDesign
tgp,ExperimentalDesign
Vdgraph,ExperimentalDesign
blockTools,ExperimentalDesign
AmericanCallOpt,Finance
backtest,Finance
betategarch,Finance
BurStFin,Finance
BurStMisc,Finance
CADFtest,Finance
car,Finance
ccgarch,Finance
copula,Finance
CreditMetrics,Finance
crp.CSFP,Finance
data.table,Finance
dlm,Finance
dse,Finance
dyn,Finance
dynlm,Finance
evd,Finance
evdbayes,Finance
evir,Finance
extRemes,Finance
fame,Finance
fArma,Finance
fAsianOptions,Finance
fBasics,Finance
fBonds,Finance
fExoticOptions,Finance
fExtremes,Finance
fgac,Finance
fGarch,Finance
fImport,Finance
FinAsym,Finance
FinTS,Finance
fNonlinear,Finance
fOptions,Finance
forecast,Finance
fracdiff,Finance
frmqa,Finance
fTrading,Finance
fUnitRoots,Finance
ghyp,Finance
gmm,Finance
gogarch,Finance
GUIDE,Finance
ismev,Finance
its,Finance
lifecontingencies,Finance
lmtest,Finance
longmemo,Finance
maRketSim,Finance
mvtnorm,Finance
nlme,Finance
NMOF,Finance
opefimor,Finance
pa,Finance
PerformanceAnalytics,Finance
portfolio,Finance
portfolioSim,Finance
quantmod,Finance
Rcmdr,Finance
rmgarch,Finance
RQuantLib,Finance
rugarch,Finance
rwt,Finance
sandwich,Finance
sde,Finance
SharpeR,Finance
stochvol,Finance
stockPortfolio,Finance
strucchange,Finance
tawny,Finance
termstrc,Finance
TFX,Finance
timeDate,Finance
timeSeries,Finance
tis,Finance
TSdbi,Finance
tseries,Finance
tseriesChaos,Finance
tsfa,Finance
TTR,Finance
urca,Finance
vars,Finance
VarSwapPrice,Finance
vrtest,Finance
wavelets,Finance
waveslim,Finance
wavethresh,Finance
xts,Finance
YieldCurve,Finance
Zelig,Finance
zoo,Finance
actuar,Finance
BenfordTests,Finance
LSMonteCarlo,Finance
markovchain,Finance
OptHedging,Finance
parma,Finance
RND,Finance
SmithWilsonYieldCurve,Finance
ChainLadder,Finance
ycinterextra,Finance
bayesGARCH,Finance
Rbitcoin,Finance
tvm,Finance
MarkowitzR,Finance
bizdays,Finance
egcm,Finance
GEVStableGarch,Finance
lgarch,Finance
pbo,Finance
timsac,Finance
tsDyn,Finance
fMultivar,Finance
OptionPricing,Finance
riskSimul,Finance
fAssets,Finance
fCopulae,Finance
financial,Finance
fPortfolio,Finance
fractal,Finance
fRegression,Finance
highfrequency,Finance
IBrokers,Finance
MSBVAR,Finance
gets,Finance
GCPM,Finance
TAQMNGR,Finance
FatTailsR,Finance
adegenet,Genetics
ape,Genetics
Biodem,Genetics
bqtl,Genetics
dlmap,Genetics
gap,Genetics
GenABEL,Genetics
Geneland,Genetics
genetics,Genetics
hapassoc,Genetics
haplo.ccs,Genetics
haplo.stats,Genetics
HardyWeinberg,Genetics
hierfstat,Genetics
hwde,Genetics
ibdreg,Genetics
LDheatmap,Genetics
luca,Genetics
multic,Genetics
ouch,Genetics
pbatR,Genetics
phangorn,Genetics
qtl,Genetics
seqinr,Genetics
snp.plotter,Genetics
SNPmaxsel,Genetics
tdthap,Genetics
untb,Genetics
wgaim,Genetics
stepwise,Genetics
rmetasim,Genetics
abn,gR
bayesmix,gR
bnlearn,gR
boa,gR
catnet,gR
coda,gR
dclone,gR
deal,gR
diagram,gR
dynamicGraph,gR
ergm,gR
GeneNet,gR
ggm,gR
giRaph,gR
gRapHD,gR
igraph,gR
lcd,gR
mathgraph,gR
network,gR
parcor,gR
pcalg,gR
QUIC,gR
R2WinBUGS,gR
rbugs,gR
rjags,gR
SIN,gR
R2OpenBUGS,gR
BDgraph,gR
ndtv,gR
networkDynamic,gR
ade4,Graphics
animation,Graphics
ape,Graphics
aplpack,Graphics
ash,Graphics
biclust,Graphics
Cairo,Graphics
cairoDevice,Graphics
cba,Graphics
colorspace,Graphics
diagram,Graphics
dichromat,Graphics
gclus,Graphics
ggplot2,Graphics
gplots,Graphics
gridBase,Graphics
IDPmisc,Graphics
igraph,Graphics
iplots,Graphics
JavaGD,Graphics
klaR,Graphics
lattice,Graphics
latticeExtra,Graphics
misc3d,Graphics
onion,Graphics
playwith,Graphics
plotrix,Graphics
RColorBrewer,Graphics
rgl,Graphics
RGraphics,Graphics
RGtk2,Graphics
RSvgDevice,Graphics
RSVGTipsDevice,Graphics
scagnostics,Graphics
scatterplot3d,Graphics
seriation,Graphics
tkrplot,Graphics
vcd,Graphics
vioplot,Graphics
xgobi,Graphics
hexbin,Graphics
batch,HighPerformanceComputing
BatchExperiments,HighPerformanceComputing
BatchJobs,HighPerformanceComputing
bayesm,HighPerformanceComputing
bcp,HighPerformanceComputing
biglars,HighPerformanceComputing
biglm,HighPerformanceComputing
bigmemory,HighPerformanceComputing
bigrf,HighPerformanceComputing
bnlearn,HighPerformanceComputing
caret,HighPerformanceComputing
data.table,HighPerformanceComputing
dclone,HighPerformanceComputing
doMC,HighPerformanceComputing
doRedis,HighPerformanceComputing
doRNG,HighPerformanceComputing
doSNOW,HighPerformanceComputing
foreach,HighPerformanceComputing
GAMBoost,HighPerformanceComputing
gcbd,HighPerformanceComputing
Geneland,HighPerformanceComputing
HadoopStreaming,HighPerformanceComputing
harvestr,HighPerformanceComputing
inline,HighPerformanceComputing
latentnet,HighPerformanceComputing
lga,HighPerformanceComputing
Matching,HighPerformanceComputing
nws,HighPerformanceComputing
orloca,HighPerformanceComputing
pbdBASE,HighPerformanceComputing
pbdDEMO,HighPerformanceComputing
pbdDMAT,HighPerformanceComputing
pbdMPI,HighPerformanceComputing
pbdNCDF4,HighPerformanceComputing
pbdSLAP,HighPerformanceComputing
peperr,HighPerformanceComputing
pmclust,HighPerformanceComputing
profr,HighPerformanceComputing
proftools,HighPerformanceComputing
pvclust,HighPerformanceComputing
Rcpp,HighPerformanceComputing
Rdsm,HighPerformanceComputing
rgenoud,HighPerformanceComputing
RInside,HighPerformanceComputing
rJava,HighPerformanceComputing
rlecuyer,HighPerformanceComputing
rredis,HighPerformanceComputing
snow,HighPerformanceComputing
snowfall,HighPerformanceComputing
snowFT,HighPerformanceComputing
speedglm,HighPerformanceComputing
sqldf,HighPerformanceComputing
STAR,HighPerformanceComputing
tm,HighPerformanceComputing
varSelRF,HighPerformanceComputing
ff,HighPerformanceComputing
MonetDB.R,HighPerformanceComputing
pls,HighPerformanceComputing
RhpcBLASctl,HighPerformanceComputing
ffbase,HighPerformanceComputing
aprof,HighPerformanceComputing
GUIProfiler,HighPerformanceComputing
partDSA,HighPerformanceComputing
HistogramTools,HighPerformanceComputing
ahaz,MachineLearning
arules,MachineLearning
bigrf,MachineLearning
Boruta,MachineLearning
bst,MachineLearning
C50,MachineLearning
caret,MachineLearning
CORElearn,MachineLearning
CoxBoost,MachineLearning
Cubist,MachineLearning
e1071,MachineLearning
earth,MachineLearning
elasticnet,MachineLearning
ElemStatLearn,MachineLearning
frbs,MachineLearning
GAMBoost,MachineLearning
gamboostLSS,MachineLearning
gbm,MachineLearning
glmnet,MachineLearning
glmpath,MachineLearning
GMMBoost,MachineLearning
grplasso,MachineLearning
grpreg,MachineLearning
hda,MachineLearning
ipred,MachineLearning
kernlab,MachineLearning
klaR,MachineLearning
lars,MachineLearning
lasso2,MachineLearning
LiblineaR,MachineLearning
LogicReg,MachineLearning
maptree,MachineLearning
mboost,MachineLearning
ncvreg,MachineLearning
nnet,MachineLearning
oblique.tree,MachineLearning
pamr,MachineLearning
party,MachineLearning
partykit,MachineLearning
penalized,MachineLearning
penalizedSVM,MachineLearning
quantregForest,MachineLearning
randomForest,MachineLearning
rattle,MachineLearning
rda,MachineLearning
rdetools,MachineLearning
REEMtree,MachineLearning
relaxo,MachineLearning
rgenoud,MachineLearning
rgp,MachineLearning
Rmalschains,MachineLearning
rminer,MachineLearning
ROCR,MachineLearning
rpart,MachineLearning
RPMM,MachineLearning
RSNNS,MachineLearning
RWeka,MachineLearning
sda,MachineLearning
svmpath,MachineLearning
tgp,MachineLearning
tree,MachineLearning
varSelRF,MachineLearning
RXshrink,MachineLearning
penalizedLDA,MachineLearning
RoughSets,MachineLearning
evtree,MachineLearning
randomForestSRC,MachineLearning
hdi,MachineLearning
stabs,MachineLearning
mlr,MachineLearning
BayesTree,MachineLearning
bigRR,MachineLearning
LogicForest,MachineLearning
bmrm,MachineLearning
adimpro,MedicalImaging
AnalyzeFMRI,MedicalImaging
arf3DS4,MedicalImaging
bayesm,MedicalImaging
brainwaver,MedicalImaging
DATforDCEMRI,MedicalImaging
dcemriS4,MedicalImaging
dpmixsim,MedicalImaging
dti,MedicalImaging
fmri,MedicalImaging
mmand,MedicalImaging
occ,MedicalImaging
oro.dicom,MedicalImaging
oro.nifti,MedicalImaging
PET,MedicalImaging
PTAk,MedicalImaging
RNiftyReg,MedicalImaging
tractor.base,MedicalImaging
waveslim,MedicalImaging
gdimap,MedicalImaging
mritc,MedicalImaging
brainR,MedicalImaging
neuroim,MedicalImaging
neuRosim,MedicalImaging
fslr,MedicalImaging
KATforDCEMRI,MedicalImaging
bamdit,MetaAnalysis
bspmma,MetaAnalysis
compute.es,MetaAnalysis
CRTSize,MetaAnalysis
epiR,MetaAnalysis
gap,MetaAnalysis
gemtc,MetaAnalysis
HSROC,MetaAnalysis
MAc,MetaAnalysis
MAd,MetaAnalysis
mada,MetaAnalysis
MAMA,MetaAnalysis
meta,MetaAnalysis
MetABEL,MetaAnalysis
MetaDE,MetaAnalysis
metafor,MetaAnalysis
metagen,MetaAnalysis
metaLik,MetaAnalysis
metaMA,MetaAnalysis
metamisc,MetaAnalysis
MetaPCA,MetaAnalysis
MetaQC,MetaAnalysis
metatest,MetaAnalysis
mvmeta,MetaAnalysis
mvtmeta,MetaAnalysis
psychometric,MetaAnalysis
rmeta,MetaAnalysis
SCMA,MetaAnalysis
selectMeta,MetaAnalysis
skatMeta,MetaAnalysis
dosresmeta,MetaAnalysis
exactmeta,MetaAnalysis
MetaSKAT,MetaAnalysis
netmeta,MetaAnalysis
seqMeta,MetaAnalysis
PubBias,MetaAnalysis
Metatron,MetaAnalysis
mmeta,MetaAnalysis
extfunnel,MetaAnalysis
robumeta,MetaAnalysis
metap,MetaAnalysis
RcmdrPlugin.EZR,MetaAnalysis
CAMAN,MetaAnalysis
ecoreg,MetaAnalysis
ipdmeta,MetaAnalysis
metaplus,MetaAnalysis
metasens,MetaAnalysis
MAVIS,MetaAnalysis
forestplot,MetaAnalysis
CopulaREMADA,MetaAnalysis
metaRNASeq,MetaAnalysis
abind,Multivariate
ade4,Multivariate
amap,Multivariate
aplpack,Multivariate
ash,Multivariate
bayesm,Multivariate
ca,Multivariate
calibrate,Multivariate
car,Multivariate
caret,Multivariate
class,Multivariate
clue,Multivariate
cluster,Multivariate
clusterGeneration,Multivariate
clusterSim,Multivariate
clv,Multivariate
cocorresp,Multivariate
copula,Multivariate
corpcor,Multivariate
covRobust,Multivariate
desirability,Multivariate
dr,Multivariate
e1071,Multivariate
earth,Multivariate
ellipse,Multivariate
energy,Multivariate
eRm,Multivariate
FactoMineR,Multivariate
FAiR,Multivariate
fastICA,Multivariate
feature,Multivariate
fgac,Multivariate
fpc,Multivariate
fso,Multivariate
gclus,Multivariate
GenKern,Multivariate
geometry,Multivariate
geozoo,Multivariate
gmodels,Multivariate
GPArotation,Multivariate
hddplot,Multivariate
Hmisc,Multivariate
homals,Multivariate
hybridHclust,Multivariate
ICS,Multivariate
ICSNP,Multivariate
iplots,Multivariate
JADE,Multivariate
kernlab,Multivariate
KernSmooth,Multivariate
kknn,Multivariate
klaR,Multivariate
kohonen,Multivariate
ks,Multivariate
lattice,Multivariate
ltm,Multivariate
mAr,Multivariate
MASS,Multivariate
Matrix,Multivariate
matrixcalc,Multivariate
mclust,Multivariate
MCMCpack,Multivariate
mda,Multivariate
mice,Multivariate
misc3d,Multivariate
mitools,Multivariate
mix,Multivariate
mnormt,Multivariate
MNP,Multivariate
monomvn,Multivariate
mvnmle,Multivariate
mvnormtest,Multivariate
mvoutlier,Multivariate
mvtnorm,Multivariate
nFactors,Multivariate
pan,Multivariate
paran,Multivariate
party,Multivariate
pcaPP,Multivariate
PearsonICA,Multivariate
plsgenomics,Multivariate
poLCA,Multivariate
polycor,Multivariate
ppls,Multivariate
prim,Multivariate
proxy,Multivariate
psy,Multivariate
PTAk,Multivariate
rda,Multivariate
relaimpo,Multivariate
rgl,Multivariate
robustbase,Multivariate
ROCR,Multivariate
rpart,Multivariate
rrcov,Multivariate
sca,Multivariate
scatterplot3d,Multivariate
sem,Multivariate
SensoMineR,Multivariate
seriation,Multivariate
simba,Multivariate
smatr,Multivariate
sn,Multivariate
spam,Multivariate
SparseM,Multivariate
SpatialNP,Multivariate
superpc,Multivariate
trimcluster,Multivariate
tsfa,Multivariate
vcd,Multivariate
vegan,Multivariate
VGAM,Multivariate
VIM,Multivariate
xgobi,Multivariate
YaleToolkit,Multivariate
concor,Multivariate
pls,Multivariate
clustvarsel,Multivariate
denpro,Multivariate
cramer,Multivariate
cwhmisc,Multivariate
delt,Multivariate
corpora,NaturalLanguageProcessing
gsubfn,NaturalLanguageProcessing
kernlab,NaturalLanguageProcessing
KoNLP,NaturalLanguageProcessing
koRpus,NaturalLanguageProcessing
maxent,NaturalLanguageProcessing
openNLP,NaturalLanguageProcessing
qdap,NaturalLanguageProcessing
RcmdrPlugin.temis,NaturalLanguageProcessing
RKEA,NaturalLanguageProcessing
RWeka,NaturalLanguageProcessing
SnowballC,NaturalLanguageProcessing
tau,NaturalLanguageProcessing
textcat,NaturalLanguageProcessing
textir,NaturalLanguageProcessing
tm,NaturalLanguageProcessing
tm.plugin.dc,NaturalLanguageProcessing
tm.plugin.factiva,NaturalLanguageProcessing
tm.plugin.mail,NaturalLanguageProcessing
topicmodels,NaturalLanguageProcessing
wordcloud,NaturalLanguageProcessing
wordnet,NaturalLanguageProcessing
zipfR,NaturalLanguageProcessing
lda,NaturalLanguageProcessing
movMF,NaturalLanguageProcessing
skmeans,NaturalLanguageProcessing
tm.plugin.alceste,NaturalLanguageProcessing
tm.plugin.europresse,NaturalLanguageProcessing
tm.plugin.lexisnexis,NaturalLanguageProcessing
boilerpipeR,NaturalLanguageProcessing
lsa,NaturalLanguageProcessing
tm.plugin.webmining,NaturalLanguageProcessing
languageR,NaturalLanguageProcessing
RTextTools,NaturalLanguageProcessing
akima,NumericalMathematics
appell,NumericalMathematics
BB,NumericalMathematics
Bessel,NumericalMathematics
combinat,NumericalMathematics
contfrac,NumericalMathematics
cubature,NumericalMathematics
eigeninv,NumericalMathematics
elliptic,NumericalMathematics
expm,NumericalMathematics
features,NumericalMathematics
gaussquad,NumericalMathematics
gmp,NumericalMathematics
gsl,NumericalMathematics
hypergeo,NumericalMathematics
irlba,NumericalMathematics
magic,NumericalMathematics
MASS,NumericalMathematics
matlab,NumericalMathematics
Matrix,NumericalMathematics
MonoPoly,NumericalMathematics
mpoly,NumericalMathematics
multipol,NumericalMathematics
nleqslv,NumericalMathematics
numbers,NumericalMathematics
numDeriv,NumericalMathematics
onion,NumericalMathematics
orthopolynom,NumericalMathematics
partitions,NumericalMathematics
polyCub,NumericalMathematics
polynom,NumericalMathematics
PolynomF,NumericalMathematics
pracma,NumericalMathematics
R.matlab,NumericalMathematics
R2Cuba,NumericalMathematics
Rcpp,NumericalMathematics
RcppArmadillo,NumericalMathematics
RcppEigen,NumericalMathematics
Rmpfr,NumericalMathematics
rPython,NumericalMathematics
rSymPy,NumericalMathematics
signal,NumericalMathematics
SparseGrid,NumericalMathematics
SphericalCubature,NumericalMathematics
ssvd,NumericalMathematics
statmod,NumericalMathematics
stinepack,NumericalMathematics
svd,NumericalMathematics
geigen,NumericalMathematics
ktsolve,NumericalMathematics
QZ,NumericalMathematics
SparseM,NumericalMathematics
rARPACK,NumericalMathematics
fastGHQuad,NumericalMathematics
RootsExtremaInflections,NumericalMathematics
optR,NumericalMathematics
Rserve,NumericalMathematics
Brobdingnag,NumericalMathematics
Deriv,NumericalMathematics
Amelia,OfficialStatistics
cat,OfficialStatistics
deducorrect,OfficialStatistics
editrules,OfficialStatistics
FFD,OfficialStatistics
hbsae,OfficialStatistics
Hmisc,OfficialStatistics
IC2,OfficialStatistics
ineq,OfficialStatistics
JoSAE,OfficialStatistics
laeken,OfficialStatistics
lavaan,OfficialStatistics
lavaan.survey,OfficialStatistics
lme4,OfficialStatistics
MatchIt,OfficialStatistics
memisc,OfficialStatistics
mi,OfficialStatistics
mice,OfficialStatistics
micEcon,OfficialStatistics
MImix,OfficialStatistics
missMDA,OfficialStatistics
mitools,OfficialStatistics
mix,OfficialStatistics
nlme,OfficialStatistics
norm,OfficialStatistics
odfWeave,OfficialStatistics
odfWeave.survey,OfficialStatistics
pan,OfficialStatistics
pps,OfficialStatistics
pxR,OfficialStatistics
reweight,OfficialStatistics
robCompositions,OfficialStatistics
rrcovNA,OfficialStatistics
samplingbook,OfficialStatistics
SamplingStrata,OfficialStatistics
samplingVarEst,OfficialStatistics
SDaA,OfficialStatistics
SeleMix,OfficialStatistics
simFrame,OfficialStatistics
spsurvey,OfficialStatistics
StatMatch,OfficialStatistics
stratification,OfficialStatistics
survey,OfficialStatistics
tabplot,OfficialStatistics
TeachingSampling,OfficialStatistics
treemap,OfficialStatistics
VIM,OfficialStatistics
x12,OfficialStatistics
x12GUI,OfficialStatistics
yaImpute,OfficialStatistics
sampling,OfficialStatistics
SAScii,OfficialStatistics
sdcMicro,OfficialStatistics
sdcTable,OfficialStatistics
foreign,OfficialStatistics
prevR,OfficialStatistics
questionr,OfficialStatistics
sms,OfficialStatistics
seasonal,OfficialStatistics
rsae,OfficialStatistics
MicSim,OfficialStatistics
CoImp,OfficialStatistics
rworldmap,OfficialStatistics
vardpoor,OfficialStatistics
RecordLinkage,OfficialStatistics
stringdist,OfficialStatistics
adagio,Optimization
alabama,Optimization
BB,Optimization
boot,Optimization
CLSOCP,Optimization
clue,Optimization
cmaes,Optimization
crs,Optimization
dclone,Optimization
DEoptim,Optimization
desirability,Optimization
dfoptim,Optimization
genalg,Optimization
GenSA,Optimization
glpkAPI,Optimization
goalprog,Optimization
gsl,Optimization
hydroPSO,Optimization
igraph,Optimization
kernlab,Optimization
limSolve,Optimization
linprog,Optimization
LowRankQP,Optimization
lpSolve,Optimization
lpSolveAPI,Optimization
maxLik,Optimization
mcga,Optimization
mco,Optimization
minpack.lm,Optimization
minqa,Optimization
neldermead,Optimization
nleqslv,Optimization
nloptr,Optimization
optimx,Optimization
powell,Optimization
pso,Optimization
quadprog,Optimization
quantreg,Optimization
rcdd,Optimization
Rcgmin,Optimization
RcppDE,Optimization
Rcsdp,Optimization
rgenoud,Optimization
Rmalschains,Optimization
rneos,Optimization
ROI,Optimization
Rsolnp,Optimization
Rsymphony,Optimization
Rvmmin,Optimization
sna,Optimization
soma,Optimization
subplex,Optimization
trust,Optimization
trustOptim,Optimization
TSP,Optimization
ucminf,Optimization
Rglpk,Optimization
DEoptimR,Optimization
GA,Optimization
GrassmannOptim,Optimization
NMOF,Optimization
blowtorch,Optimization
irace,Optimization
isotone,Optimization
lbfgs,Optimization
globalOptTests,Optimization
RCEIM,Optimization
optmatch,Optimization
cec2005benchmark,Optimization
cec2013,Optimization
localsolver,Optimization
cccp,Optimization
CEoptim,Optimization
deSolve,Pharmacokinetics
drc,Pharmacokinetics
lattice,Pharmacokinetics
MASS,Pharmacokinetics
nlme,Pharmacokinetics
nlmeODE,Pharmacokinetics
PK,Pharmacokinetics
PKPDmodels,Pharmacokinetics
adephylo,Phylogenetics
ape,Phylogenetics
apTreeshape,Phylogenetics
caper,Phylogenetics
distory,Phylogenetics
diversitree,Phylogenetics
geiger,Phylogenetics
geomorph,Phylogenetics
GUniFrac,Phylogenetics
HMPTrees,Phylogenetics
iteRates,Phylogenetics
MCMCglmm,Phylogenetics
ouch,Phylogenetics
OUwie,Phylogenetics
paleotree,Phylogenetics
paleoTS,Phylogenetics
phangorn,Phylogenetics
phyclust,Phylogenetics
phylobase,Phylogenetics
phyloclim,Phylogenetics
phylotools,Phylogenetics
phytools,Phylogenetics
picante,Phylogenetics
PVR,Phylogenetics
spider,Phylogenetics
SYNCSA,Phylogenetics
TESS,Phylogenetics
treebase,Phylogenetics
TreeSim,Phylogenetics
vegan,Phylogenetics
corHMM,Phylogenetics
DDD,Phylogenetics
evobiR,Phylogenetics
metafor,Phylogenetics
phylolm,Phylogenetics
TreePar,Phylogenetics
adhoc,Phylogenetics
BAMMtools,Phylogenetics
betapart,Phylogenetics
BoSSA,Phylogenetics
dendextend,Phylogenetics
DiscML,Phylogenetics
expands,Phylogenetics
expoTree,Phylogenetics
HyPhy,Phylogenetics
jaatha,Phylogenetics
kdetrees,Phylogenetics
MPSEM,Phylogenetics
mvMORPH,Phylogenetics
outbreaker,Phylogenetics
OutbreakTools,Phylogenetics
pastis,Phylogenetics
PBD,Phylogenetics
PCPS,Phylogenetics
pegas,Phylogenetics
phyloland,Phylogenetics
phyloTop,Phylogenetics
RADami,Phylogenetics
rdryad,Phylogenetics
Reol,Phylogenetics
rphast,Phylogenetics
Rphylip,Phylogenetics
strap,Phylogenetics
surface,Phylogenetics
taxize,Phylogenetics
RNeXML,Phylogenetics
PHYLOGR,Phylogenetics
bayou,Phylogenetics
BioGeoBEARS,Phylogenetics
cati,Phylogenetics
ggplot2,Phylogenetics
ips,Phylogenetics
pmc,Phylogenetics
SigTree,Phylogenetics
ade4,Psychometrics
anacor,Psychometrics
betareg,Psychometrics
BradleyTerry2,Psychometrics
ca,Psychometrics
cacIRT,Psychometrics
catR,Psychometrics
CDM,Psychometrics
cfa,Psychometrics
classify,Psychometrics
CMC,Psychometrics
cocorresp,Psychometrics
CopyDetect,Psychometrics
CTT,Psychometrics
DAKS,Psychometrics
difR,Psychometrics
e1071,Psychometrics
eba,Psychometrics
ecodist,Psychometrics
equate,Psychometrics
eRm,Psychometrics
EstCRM,Psychometrics
FactoMineR,Psychometrics
FAiR,Psychometrics
fastICA,Psychometrics
fechner,Psychometrics
fwdmsa,Psychometrics
GPArotation,Psychometrics
homals,Psychometrics
irr,Psychometrics
irtoys,Psychometrics
irtrees,Psychometrics
KernSmoothIRT,Psychometrics
kst,Psychometrics
labdsv,Psychometrics
lava,Psychometrics
lava.tobit,Psychometrics
lavaan,Psychometrics
lavaan.survey,Psychometrics
lme4,Psychometrics
lordif,Psychometrics
ltm,Psychometrics
MASS,Psychometrics
MBESS,Psychometrics
mcIRT,Psychometrics
MCMCpack,Psychometrics
mirt,Psychometrics
mixRasch,Psychometrics
MLCM,Psychometrics
MLDS,Psychometrics
modelfree,Psychometrics
mokken,Psychometrics
MplusAutomation,Psychometrics
mpt,Psychometrics
MPTinR,Psychometrics
mRm,Psychometrics
MultiLCIRT,Psychometrics
nFactors,Psychometrics
pathmox,Psychometrics
pcaPP,Psychometrics
pks,Psychometrics
plRasch,Psychometrics
plspm,Psychometrics
poLCA,Psychometrics
polycor,Psychometrics
prefmod,Psychometrics
pscl,Psychometrics
psy,Psychometrics
psych,Psychometrics
psychometric,Psychometrics
psychomix,Psychometrics
psychotools,Psychometrics
psychotree,Psychometrics
psyphy,Psychometrics
PTAk,Psychometrics
qgraph,Psychometrics
QuantPsyc,Psychometrics
randomLCA,Psychometrics
RaschSampler,Psychometrics
REQS,Psychometrics
rpf,Psychometrics
sem,Psychometrics
SEMModComp,Psychometrics
semPLS,Psychometrics
semTools,Psychometrics
SensoMineR,Psychometrics
simsem,Psychometrics
sirt,Psychometrics
smacof,Psychometrics
systemfit,Psychometrics
TripleR,Psychometrics
vegan,Psychometrics
VGAM,Psychometrics
xgobi,Psychometrics
cocor,Psychometrics
cocron,Psychometrics
equateIRT,Psychometrics
ExPosition,Psychometrics
ICC,Psychometrics
MCMCglmm,Psychometrics
mediation,Psychometrics
multiplex,Psychometrics
nlme,Psychometrics
ordinal,Psychometrics
pls,Psychometrics
semPlot,Psychometrics
TAM,Psychometrics
profileR,Psychometrics
DIFlasso,Psychometrics
pcIRT,Psychometrics
TestScorer,Psychometrics
DFIT,Psychometrics
irtProb,Psychometrics
WrightMap,Psychometrics
PP,Psychometrics
mirtCAT,Psychometrics
pairwise,Psychometrics
IRTShiny,Psychometrics
missMDA,Psychometrics
flexmix,Psychometrics
kequate,Psychometrics
SNSequate,Psychometrics
kcirt,Psychometrics
animation,ReproducibleResearch
apsrtable,ReproducibleResearch
ascii,ReproducibleResearch
brew,ReproducibleResearch
exams,ReproducibleResearch
Hmisc,ReproducibleResearch
hwriter,ReproducibleResearch
knitr,ReproducibleResearch
markdown,ReproducibleResearch
memisc,ReproducibleResearch
odfWeave,ReproducibleResearch
odfWeave.survey,ReproducibleResearch
pander,ReproducibleResearch
quantreg,ReproducibleResearch
R.cache,ReproducibleResearch
R.rsp,ReproducibleResearch
R2HTML,ReproducibleResearch
r2lh,ReproducibleResearch
rapport,ReproducibleResearch
reporttools,ReproducibleResearch
rms,ReproducibleResearch
rtf,ReproducibleResearch
svSweave,ReproducibleResearch
SweaveListingUtils,ReproducibleResearch
tables,ReproducibleResearch
TeachingSampling,ReproducibleResearch
xtable,ReproducibleResearch
bibtex,ReproducibleResearch
sparktex,ReproducibleResearch
stargazer,ReproducibleResearch
table1xls,ReproducibleResearch
texreg,ReproducibleResearch
tth,ReproducibleResearch
NMOF,ReproducibleResearch
papeR,ReproducibleResearch
covRobust,Robust
coxrobust,Robust
distr,Robust
FRB,Robust
lqmm,Robust
MASS,Robust
multinomRob,Robust
mvoutlier,Robust
quantreg,Robust
RandVar,Robust
rgam,Robust
RobAStBase,Robust
robfilter,Robust
RobLox,Robust
RobLoxBioC,Robust
RobRex,Robust
robust,Robust
RobustAFT,Robust
robustbase,Robust
robustlmm,Robust
robustX,Robust
ROptEst,Robust
ROptRegTS,Robust
rrcov,Robust
rrcovHD,Robust
rrcovNA,Robust
sandwich,Robust
wle,Robust
RSKC,Robust
drgee,Robust
GSE,Robust
OutlierDC,Robust
robcor,Robust
RobPer,Robust
RobRSVD,Robust
robumeta,Robust
ssmrob,Robust
OutlierDM,Robust
mblm,Robust
rsig,Robust
georob,Robust
robeth,Robust
robustDA,Robust
robustgam,Robust
robustloggamma,Robust
robustreg,Robust
ror,Robust
acepack,SocialSciences
alr3,SocialSciences
aod,SocialSciences
boot,SocialSciences
bootstrap,SocialSciences
BradleyTerry2,SocialSciences
brglm,SocialSciences
car,SocialSciences
class,SocialSciences
dr,SocialSciences
dyn,SocialSciences
dynlm,SocialSciences
effects,SocialSciences
eha,SocialSciences
exactLoglinTest,SocialSciences
forward,SocialSciences
frailtypack,SocialSciences
gam,SocialSciences
gee,SocialSciences
gmodels,SocialSciences
gnm,SocialSciences
GPArotation,SocialSciences
gss,SocialSciences
Hmisc,SocialSciences
irr,SocialSciences
latentnet,SocialSciences
lattice,SocialSciences
leaps,SocialSciences
lme4,SocialSciences
lmm,SocialSciences
lmtest,SocialSciences
locfit,SocialSciences
ltm,SocialSciences
MASS,SocialSciences
Matching,SocialSciences
MatchIt,SocialSciences
Matrix,SocialSciences
meta,SocialSciences
mgcv,SocialSciences
mice,SocialSciences
micEcon,SocialSciences
mitools,SocialSciences
mix,SocialSciences
MNP,SocialSciences
multcomp,SocialSciences
multinomRob,SocialSciences
network,SocialSciences
nlme,SocialSciences
nnet,SocialSciences
pan,SocialSciences
perturb,SocialSciences
polycor,SocialSciences
pscl,SocialSciences
psy,SocialSciences
quantreg,SocialSciences
qvcalc,SocialSciences
rgl,SocialSciences
rmeta,SocialSciences
rms,SocialSciences
robust,SocialSciences
robustbase,SocialSciences
sandwich,SocialSciences
sem,SocialSciences
sm,SocialSciences
sna,SocialSciences
survey,spatial
survival,spatial
systemfit,spatial
vcd,spatial
Zelig,spatial
BMA,spatial
geepack,spatial
pls,spatial
sampling,spatial
survrec,spatial
lmeSplines,spatial
optmatch,spatial
ade4,spatial
adehabitat,spatial
adehabitatHR,spatial
adehabitatHS,spatial
adehabitatLT,spatial
adehabitatMA,spatial
ads,spatial
akima,spatial
ash,spatial
aspace,spatial
automap,spatial
classInt,spatial
constrainedKriging,spatial
cshapes,spatial
deldir,spatial
DSpat,spatial
ecespa,spatial
fields,spatial
FieldSim,spatial
gdistance,spatial
Geneland,spatial
GEOmap,spatial
geomapdata,spatial
geonames,spatial
geoR,spatial
geoRglm,spatial
geosphere,spatial
GeoXp,spatial
ggmap,spatial
glmmBUGS,spatial
gmt,spatial
GriegSmith,spatial
gstat,spatial
intamap,spatial
landsat,spatial
mapdata,spatial
mapproj,spatial
maps,spatial
maptools,spatial
MBA,spatial
micromap,spatial
ModelMap,spatial
ncdf,spatial
ncf,spatial
nlme,spatial
OpenStreetMap,spatial
osmar,spatial
pastecs,spatial
PBSmapping,spatial
PBSmodelling,spatial
plotKML,spatial
psgp,spatial
ramps,spatial
RandomFields,spatial
rangeMapper,spatial
raster,spatial
rasterVis,spatial
RColorBrewer,spatial
regress,spatial
rgdal,spatial
rgeos,spatial
RgoogleMaps,spatial
RSAGA,spatial
RSurvey,spatial
rworldmap,spatial
sgeostat,spatial
shapefiles,spatial
sp,spatial
spacetime,spatial
sparr,spatial
spatcounts,spatial
spatgraphs,spatial
spatial,spatial
spatialCovariance,spatial
SpatialExtremes,spatial
spatialkernel,spatial
spatialprobit,spatial
spatialsegregation,spatial
spatstat,spatial
spBayes,spatial
spcosa,spatial
spdep,spatial
spgrass6,spatial
spgwr,spatial
sphet,spatial
splancs,spatial
spsurvey,spatial
Stem,spatial
tgp,spatial
trip,spatial
tripack,spatial
tripEstimation,spatial
UScensus2000cdp,spatial
UScensus2000tract,spatial
vardiag,spatial
vegan,spatial
CARBayes,spatial
dbmss,spatial
DCluster,spatial
Grid2Polygons,spatial
GWmodel,spatial
gwrr,spatial
McSpatial,spatial
ngspatial,spatial
plotGoogleMaps,spatial
RArcInfo,spatial
rtop,spatial
rworldxtra,spatial
spatial.tools,spatial
SpatialEpi,spatial
SpatialTools,spatial
splm,spatial
spTimer,spatial
SSN,spatial
taRifx,spatial
AMOEBA,spatial
latticeDensity,spatial
seg,spatial
leafletR,spatial
marmap,spatial
geospacom,spatial
siplab,spatial
spacom,spatial
spaMM,spatial
georob,spatial
PReMiuM,spatial
CompRandFld,spatial
Guerry,spatial
vec2dtransf,spatial
adehabitatLT,SpatioTemporal
argosfilter,SpatioTemporal
cshapes,SpatioTemporal
diveMove,SpatioTemporal
GeoLight,SpatioTemporal
googleVis,SpatioTemporal
gstat,SpatioTemporal
lgcp,SpatioTemporal
lme4,SpatioTemporal
M3,SpatioTemporal
mvtsplot,SpatioTemporal
ncdf,SpatioTemporal
ncdf4,SpatioTemporal
nlme,SpatioTemporal
openair,SpatioTemporal
pastecs,SpatioTemporal
pbdNCDF4,SpatioTemporal
plm,SpatioTemporal
plotKML,SpatioTemporal
RandomFields,SpatioTemporal
raster,SpatioTemporal
rasterVis,SpatioTemporal
rgl,SpatioTemporal
RNetCDF,SpatioTemporal
solaR,SpatioTemporal
sp,SpatioTemporal
spacetime,SpatioTemporal
spate,SpatioTemporal
SpatioTemporal,SpatioTemporal
spatstat,SpatioTemporal
spBayes,SpatioTemporal
sphet,SpatioTemporal
splancs,SpatioTemporal
splm,SpatioTemporal
spTimer,SpatioTemporal
stam,SpatioTemporal
Stem,SpatioTemporal
stppResid,SpatioTemporal
trip,SpatioTemporal
tripEstimation,SpatioTemporal
xts,SpatioTemporal
BBMM,SpatioTemporal
bcpa,SpatioTemporal
crawl,SpatioTemporal
move,SpatioTemporal
rmatio,SpatioTemporal
animalTrack,SpatioTemporal
fishmove,SpatioTemporal
mkde,SpatioTemporal
TrackReconstruction,SpatioTemporal
stpp,SpatioTemporal
AER,Survival
ahaz,Survival
AIM,Survival
asbio,Survival
aster,Survival
aster2,Survival
BaSTA,Survival
bayesSurv,Survival
BayHaz,Survival
Biograph,Survival
boot,Survival
bpcp,Survival
censReg,Survival
clinfun,Survival
cmprsk,Survival
coin,Survival
compeir,Survival
compound.Cox,Survival
concreg,Survival
condGEE,Survival
CoxBoost,Survival
coxme,Survival
coxphf,Survival
coxphw,Survival
coxrobust,Survival
CPE,Survival
CPHshape,Survival
Cprob,Survival
CR,Survival
crrSC,Survival
crrstep,Survival
currentSurvival,Survival
DAAG,Survival
dblcens,Survival
DPpackage,Survival
dynsurv,Survival
eha,Survival
emplik,Survival
Epi,Survival
epiR,Survival
etm,Survival
exactRankTests,Survival
fastcox,Survival
FHtest,Survival
fitdistrplus,Survival
flexsurv,Survival
frailtyHL,Survival
frailtypack,Survival
gamlss.cens,Survival
gbm,Survival
gems,Survival
genSurv,Survival
glmpath,Survival
globalboosttest,Survival
gof,Survival
gss,Survival
ICE,Survival
intcox,Survival
interval,Survival
ipdmeta,Survival
ipred,Survival
JM,Survival
JMbayes,Survival
joineR,Survival
JPSurv,Survival
kaps,Survival
km.ci,Survival
kmi,Survival
KMsurv,Survival
lava.tobit,Survival
lbiassurv,Survival
LearnBayes,Survival
lmec,Survival
locfit,Survival
logconcens,Survival
LogicReg,Survival
logspline,Survival
lpc,Survival
lss,Survival
maxstat,Survival
mboost,Survival
MCMCglmm,Survival
MCMCpack,Survival
mets,Survival
mixPHM,Survival
MLEcens,Survival
msm,Survival
msSurv,Survival
mstate,Survival
muhaz,Survival
multcomp,Survival
mvna,Survival
NestedCohort,Survival
NPHMC,Survival
OIsurv,Survival
OrdFacReg,Survival
p3state.msm,Survival
pamr,Survival
party,Survival
pec,Survival
penalized,Survival
peperr,Survival
PermAlgo,Survival
phmm,Survival
plsRcox,Survival
polspline,Survival
powerSurvEpi,Survival
prodlim,Survival
pseudo,Survival
quantreg,Survival
randomForestSRC,Survival
rankhazard,Survival
relsurv,Survival
riskRegression,Survival
risksetROC,Survival
rms,Survival
RobustAFT,Survival
rpart,Survival
saws,Survival
SGL,Survival
simexaft,Survival
SMIR,Survival
smoothSurv,Survival
SMPracticals,Survival
spatstat,Survival
superpc,Survival
survAUC,Survival
survC1,Survival
survexp.fr,Survival
survey,Survival
Survgini,Survival
survIDINRI,Survival
survival,Survival
survivalROC,Survival
survPresmooth,Survival
survSNP,Survival
SvyNom,Survival
TestSurvRec,Survival
timereg,Survival
timeROC,Survival
tlmec,Survival
TPmsm,Survival
tpr,Survival
TraMineR,Survival
TSHRC,Survival
uniCox,Survival
VGAM,Survival
BMA,Survival
DTDA,Survival
rhosp,Survival
survrec,Survival
mixAK,Survival
MAMSE,Survival
NADA,Survival
SemiCompRisks,Survival
BGPhazard,Survival
coarseDataTools,Survival
CoxRidge,Survival
kmc,Survival
kmconfband,Survival
LogrankA,Survival
MRsurv,Survival
OutlierDC,Survival
psbcGroup,Survival
ROCt,Survival
SemiMarkov,Survival
simMSM,Survival
simPH,Survival
smoothHR,Survival
spatsurv,Survival
surv2sampleComp,Survival
survMisc,Survival
survsim,Survival
wtcrsk,Survival
YPmodel,Survival
rsig,Survival
aftgee,Survival
bshazard,Survival
bujar,Survival
coxinterval,Survival
DStree,Survival
gamboostMSM,Survival
ICsurv,Survival
IDPSurvival,Survival
invGauss,Survival
lsmeans,Survival
MicSim,Survival
MIICD,Survival
paf,Survival
PHeval,Survival
PReMiuM,Survival
SmoothHazard,Survival
spBayesSurv,Survival
survivalMPL,Survival
vitality,Survival
MST,Survival
mfp,Survival
glrt,Survival
parfm,Survival
survJamda,Survival
dynpred,Survival
AER,TimeSeries
ArDec,TimeSeries
arfima,TimeSeries
astsa,TimeSeries
bfast,TimeSeries
biwavelet,TimeSeries
boot,TimeSeries
brainwaver,TimeSeries
bspec,TimeSeries
CADFtest,TimeSeries
chron,TimeSeries
CommonTrend,TimeSeries
cts,TimeSeries
deseasonalize,TimeSeries
dlm,TimeSeries
dse,TimeSeries
dtw,TimeSeries
dyn,TimeSeries
dynlm,TimeSeries
Ecdat,TimeSeries
ensembleBMA,TimeSeries
EvalEst,TimeSeries
events,TimeSeries
expsmooth,TimeSeries
fame,TimeSeries
fArma,TimeSeries
fGarch,TimeSeries
FGN,TimeSeries
FinTS,TimeSeries
FitAR,TimeSeries
FitARMA,TimeSeries
fma,TimeSeries
fNonlinear,TimeSeries
ForeCA,TimeSeries
forecast,TimeSeries
fpp,TimeSeries
fracdiff,TimeSeries
fractalrock,TimeSeries
fts,TimeSeries
fUnitRoots,TimeSeries
gsarima,TimeSeries
its,TimeSeries
KFAS,TimeSeries
kza,TimeSeries
ltsa,TimeSeries
lubridate,TimeSeries
mAr,TimeSeries
mar1s,TimeSeries
MARSS,TimeSeries
Mcomp,TimeSeries
meboot,TimeSeries
mFilter,TimeSeries
mondate,TimeSeries
nets,TimeSeries
paleoTS,TimeSeries
partsm,TimeSeries
pastecs,TimeSeries
pear,TimeSeries
perARMA,TimeSeries
pomp,TimeSeries
portes,TimeSeries
psd,TimeSeries
ptw,TimeSeries
Quandl,TimeSeries
quantspec,TimeSeries
rdatamarket,TimeSeries
RMAWGEN,TimeSeries
robfilter,TimeSeries
RSEIS,TimeSeries
rts,TimeSeries
rwt,TimeSeries
SDD,TimeSeries
sde,TimeSeries
seas,TimeSeries
season,TimeSeries
spTimer,TimeSeries
stochvol,TimeSeries
tempdisagg,TimeSeries
tframe,TimeSeries
tiger,TimeSeries
timeDate,TimeSeries
TimeProjection,TimeSeries
timeSeries,TimeSeries
tis,TimeSeries
tpr,TimeSeries
TSA,TimeSeries
tsbugs,TimeSeries
TSclust,TimeSeries
TSdbi,TimeSeries
tseries,TimeSeries
tseriesChaos,TimeSeries
tsfa,TimeSeries
TSTutorial,TimeSeries
urca,TimeSeries
vars,TimeSeries
wavelets,TimeSeries
waveslim,TimeSeries
wavethresh,TimeSeries
WeightedPortTest,TimeSeries
wmtsa,TimeSeries
wq,TimeSeries
x12,TimeSeries
x12GUI,TimeSeries
xts,TimeSeries
zoo,TimeSeries
nlts,TimeSeries
Rssa,TimeSeries
rugarch,TimeSeries
Tides,TimeSeries
timesboot,TimeSeries
tsModel,TimeSeries
BAYSTAR,TimeSeries
FKF,TimeSeries
fractal,TimeSeries
glarma,TimeSeries
KFKSDS,TimeSeries
locits,TimeSeries
lomb,TimeSeries
mvcwt,TimeSeries
npst,TimeSeries
seasonal,TimeSeries
stsm,TimeSeries
stsm.class,TimeSeries
depmix,TimeSeries
depmixS4,TimeSeries
MSwM,TimeSeries
tsDyn,TimeSeries
LPStimeSeries,TimeSeries
MAPA,TimeSeries
MTS,TimeSeries
pdfetch,TimeSeries
rmaf,TimeSeries
BootPR,TimeSeries
dlmodeler,TimeSeries
earlywarnings,TimeSeries
Sim.DiffProc,TimeSeries
VAR.etp,TimeSeries
MSBVAR,TimeSeries
timsac,TimeSeries
dlnm,TimeSeries
nonlinearTseries,TimeSeries
TED,TimeSeries
costat,TimeSeries
bsts,TimeSeries
FeedbackTS,TimeSeries
GMDH,TimeSeries
orderedLasso,TimeSeries
yuima,TimeSeries
acp,TimeSeries
dygraphs,TimeSeries
hts,TimeSeries
multitaper,TimeSeries
RGENERATE,TimeSeries
strucchange,TimeSeries
spectral.methods,TimeSeries
ZIM,TimeSeries
bentcableAR,TimeSeries
fanplot,TimeSeries
autovarCore,TimeSeries
EMD,TimeSeries
hht,TimeSeries
alm,WebTechnologies
anametrix,WebTechnologies
cgdsr,WebTechnologies
CHCN,WebTechnologies
crn,WebTechnologies
datamart,WebTechnologies
dismo,WebTechnologies
dvn,WebTechnologies
factualR,WebTechnologies
FAOSTAT,WebTechnologies
fImport,WebTechnologies
ggmap,WebTechnologies
googleVis,WebTechnologies
govStatJPN,WebTechnologies
GuardianR,WebTechnologies
httpuv,WebTechnologies
httr,WebTechnologies
imguR,WebTechnologies
MTurkR,WebTechnologies
ngramr,WebTechnologies
nhlscrapr,WebTechnologies
OAIHarvester,WebTechnologies
opencpu,WebTechnologies
osmar,WebTechnologies
pitchRx,WebTechnologies
plotGoogleMaps,WebTechnologies
plotKML,WebTechnologies
Quandl,WebTechnologies
quantmod,WebTechnologies
rAltmetric,WebTechnologies
Rcolombos,WebTechnologies
RCurl,WebTechnologies
rdatamarket,WebTechnologies
rebird,WebTechnologies
Reol,WebTechnologies
repmis,WebTechnologies
rfigshare,WebTechnologies
rfishbase,WebTechnologies
rfisheries,WebTechnologies
rgbif,WebTechnologies
RgoogleMaps,WebTechnologies
rjson,WebTechnologies
RJSONIO,WebTechnologies
RNCEP,WebTechnologies
ROAuth,WebTechnologies
Rook,WebTechnologies
rPlant,WebTechnologies
rplos,WebTechnologies
rpubchem,WebTechnologies
RSiteCatalyst,WebTechnologies
rvertnet,WebTechnologies
scrapeR,WebTechnologies
seqinr,WebTechnologies
servr,WebTechnologies
shiny,WebTechnologies
sos4R,WebTechnologies
streamR,WebTechnologies
taxize,WebTechnologies
TFX,WebTechnologies
translate,WebTechnologies
treebase,WebTechnologies
twitteR,WebTechnologies
waterData,WebTechnologies
WDI,WebTechnologies
XML,WebTechnologies
yhatr,WebTechnologies
zendeskR,WebTechnologies
flora,WebTechnologies
Rfacebook,WebTechnologies
rgauges,WebTechnologies
scholar,WebTechnologies
acs,WebTechnologies
ecoengine,WebTechnologies
fbRanks,WebTechnologies
httpRequest,WebTechnologies
jsonlite,WebTechnologies
primerTree,WebTechnologies
raincpc,WebTechnologies
rbison,WebTechnologies
Rbitcoin,WebTechnologies
Thinknum,WebTechnologies
weatherData,WebTechnologies
XML2R,WebTechnologies
hoardeR,WebTechnologies
GhcnDaily,WebTechnologies
okmesonet,WebTechnologies
pdfetch,WebTechnologies
plusser,WebTechnologies
psidR,WebTechnologies
rapport,WebTechnologies
RefManageR,WebTechnologies
RForcecom,WebTechnologies
RISmed,WebTechnologies
soilDB,WebTechnologies
tm.plugin.webmining,WebTechnologies
tseries,WebTechnologies
decctools,WebTechnologies
rnoaa,WebTechnologies
spocc,WebTechnologies
pubmed.mineR,WebTechnologies
aRxiv,WebTechnologies
BerlinData,WebTechnologies
boilerpipeR,WebTechnologies
colourlovers,WebTechnologies
d3Network,WebTechnologies
dataRetrieval,WebTechnologies
ecoretriever,WebTechnologies
EIAdata,WebTechnologies
enigma,WebTechnologies
ggvis,WebTechnologies
gmailr,WebTechnologies
IBrokers,WebTechnologies
jSonarR,WebTechnologies
leafletR,WebTechnologies
mailR,WebTechnologies
marmap,WebTechnologies
ONETr,WebTechnologies
paleobioDB,WebTechnologies
polidata,WebTechnologies
pollstR,WebTechnologies
pvsR,WebTechnologies
rainfreq,WebTechnologies
rbitcoinchartsapi,WebTechnologies
recalls,WebTechnologies
redcapAPI,WebTechnologies
rentrez,WebTechnologies
RGA,WebTechnologies
RGoogleAnalytics,WebTechnologies
RJSDMX,WebTechnologies
rnbn,WebTechnologies
rNOMADS,WebTechnologies
rnrfa,WebTechnologies
ropensecretsapi,WebTechnologies
RPublica,WebTechnologies
RPushbullet,WebTechnologies
RSelenium,WebTechnologies
rWBclimate,WebTechnologies
sorvi,WebTechnologies
Taxonstand,WebTechnologies
whisker,WebTechnologies
WikipediR,WebTechnologies
curl,WebTechnologies
downloader,WebTechnologies
indicoio,WebTechnologies
magrittr,WebTechnologies
pushoverr,WebTechnologies
reutils,WebTechnologies
rsdmx,WebTechnologies
rclinicaltrials,WebTechnologies
RCryptsy,WebTechnologies
rsunlight,WebTechnologies
gistr,WebTechnologies
bigml,WebTechnologies
pxweb,WebTechnologies
rsnps,WebTechnologies
RSocrata,WebTechnologies
googlePublicData,WebTechnologies